{
    "task_index": {
        "min": [
            0
        ],
        "max": [
            0
        ],
        "mean": [
            0.0
        ],
        "std": [
            0.0
        ],
        "count": [
            20000
        ]
    },
    "observation.state": {
        "min": [
            -0.07413633167743683,
            -0.9599999785423279,
            0.6854013800621033,
            -0.21935929358005524,
            -0.8236697316169739,
            -0.33816230297088623,
            0.0,
            -0.34037381410598755,
            -1.0634464025497437,
            0.45876720547676086,
            -1.4443697929382324,
            -1.00570547580719,
            -1.361513376235962,
            0.0
        ],
        "max": [
            0.040276989340782166,
            -0.10350845009088516,
            1.250494360923767,
            0.012111586518585682,
            -0.26289719343185425,
            0.13089120388031006,
            1.0181641578674316,
            0.32975292205810547,
            0.26967695355415344,
            1.2961957454681396,
            0.24831564724445343,
            0.6167895793914795,
            1.2217248678207397,
            1.163696050643921
        ],
        "mean": [
            -0.007402684269836754,
            -0.6318776142597199,
            1.035665590763092,
            -0.05027218487113714,
            -0.46199223041534426,
            -0.07467502631247043,
            0.47467607498168946,
            -0.036154459523968396,
            -0.3320338544249535,
            0.9038928973674775,
            -0.22060777772217988,
            -0.31011587757617237,
            -0.23484457299113273,
            0.6842416441440582
        ],
        "std": [
            0.012189930051789599,
            0.29753067508840286,
            0.16727612358506036,
            0.04733685220979407,
            0.14859997064411581,
            0.08788279974710975,
            0.3175154392831549,
            0.1049889806353969,
            0.27932906857515033,
            0.18093584656003162,
            0.26604270990398704,
            0.3046574589108055,
            0.5298553436257457,
            0.25504589053748805
        ],
        "count": [
            20000
        ]
    },
    "timestamp": {
        "min": [
            0.0
        ],
        "max": [
            7.980000019073486
        ],
        "mean": [
            3.990000009536743
        ],
        "std": [
            2.309393882751465
        ],
        "count": [
            20000
        ]
    },
    "next.done": {
        "min": [
            false
        ],
        "max": [
            true
        ],
        "mean": [
            0.0025
        ],
        "std": [
            0.04993746088859546
        ],
        "count": [
            20000
        ]
    },
    "observation.images.top": {
        "min": [
            [
                [
                    0.0
                ]
            ],
            [
                [
                    0.0
                ]
            ],
            [
                [
                    0.0
                ]
            ]
        ],
        "max": [
            [
                [
                    1.0
                ]
            ],
            [
                [
                    1.0
                ]
            ],
            [
                [
                    1.0
                ]
            ]
        ],
        "mean": [
            [
                [
                    0.1585891428589821
                ]
            ],
            [
                [
                    0.15742240935564042
                ]
            ],
            [
                [
                    0.1574530029296875
                ]
            ]
        ],
        "std": [
            [
                [
                    0.2013314268955181
                ]
            ],
            [
                [
                    0.19916308372433825
                ]
            ],
            [
                [
                    0.19919508942308725
                ]
            ]
        ],
        "count": [
            5000
        ]
    },
    "action": {
        "min": [
            -0.07363107800483704,
            -0.9587380290031433,
            0.6826214790344238,
            -0.20248547196388245,
            -0.8375535607337952,
            -0.3374757766723633,
            0.15309308469295502,
            -0.3405437469482422,
            -1.0400390625,
            0.4693981409072876,
            -1.4450099468231201,
            -1.0154953002929688,
            -1.3621749877929688,
            0.1409180760383606
        ],
        "max": [
            0.04141748324036598,
            -0.10431069880723953,
            1.2471264600753784,
            0.012271846644580364,
            -0.26384469866752625,
            0.13038836419582367,
            1.1414905786514282,
            0.33133986592292786,
            0.2791845202445984,
            1.2931458950042725,
            0.25003886222839355,
            0.6120583415031433,
            1.2210487127304077,
            1.2004203796386719
        ],
        "mean": [
            -0.007564457363332622,
            -0.6281843852996826,
            1.0312834656238556,
            -0.0466431578155607,
            -0.4721136438846588,
            -0.07452701684087515,
            0.37389796078205106,
            -0.037187526249326766,
            -0.3261142599582672,
            0.8997205972671509,
            -0.2137107989564538,
            -0.3184039670228958,
            -0.23360959857702254,
            0.5519473731517792
        ],
        "std": [
            0.012527876761378622,
            0.29573678810912685,
            0.16701509703471354,
            0.04584394720015776,
            0.1483347357436372,
            0.08762805033921045,
            0.3066516159160593,
            0.10599816063207336,
            0.2757197982794921,
            0.18058075931705495,
            0.2630403372204992,
            0.3070776588404095,
            0.5305278395563267,
            0.38380075959026044
        ],
        "count": [
            20000
        ]
    },
    "episode_index": {
        "min": [
            0
        ],
        "max": [
            49
        ],
        "mean": [
            24.5
        ],
        "std": [
            14.430869689661812
        ],
        "count": [
            20000
        ]
    },
    "index": {
        "min": [
            0
        ],
        "max": [
            19999
        ],
        "mean": [
            9999.5
        ],
        "std": [
            5773.502684679379
        ],
        "count": [
            20000
        ]
    },
    "frame_index": {
        "min": [
            0
        ],
        "max": [
            399
        ],
        "mean": [
            199.5
        ],
        "std": [
            115.46969299344309
        ],
        "count": [
            20000
        ]
    }
}